"animal_id","ts","activity_count"
"A1361","2026-06-01 00:00:00",154
"A0172","2026-06-01 00:00:30",141
"A1247","2026-06-01 00:01:00",80
"A1106","2026-06-01 00:01:30",178
"A0789","2026-06-01 00:02:00",90
"A1256","2026-06-01 00:02:30",108
"A1388","2026-06-01 00:03:00",100
"A0167","2026-06-01 00:03:30",152
"A1412","2026-06-01 00:04:00",84
"A1398","2026-06-01 00:04:30",140
"A1289","2026-06-01 00:05:00",101
"A0300","2026-06-01 00:05:30",113
"A1307","2026-06-01 00:06:00",195
"A0912","2026-06-01 00:06:30",182
"A0130","2026-06-01 00:07:00",127
"A1243","2026-06-01 00:07:30",108
"A0523","2026-06-01 00:08:00",201
"A0810","2026-06-01 00:08:30",163
"A1025","2026-06-01 00:09:00",143
"A0504","2026-06-01 00:09:30",206
"A1337","2026-06-01 00:10:00",153
"A1361","2026-06-01 00:10:30",162
"A1312","2026-06-01 00:11:00",193
"A0112","2026-06-01 00:11:30",118
"A0839","2026-06-01 00:12:00",148
"A0449","2026-06-01 00:12:30",185
"A1383","2026-06-01 00:13:00",117
"A1037","2026-06-01 00:13:30",133
"A0382","2026-06-01 00:14:00",181
"A0481","2026-06-01 00:14:30",148
"A0452","2026-06-01 00:15:00",163
"A0234","2026-06-01 00:15:30",166
"A0621","2026-06-01 00:16:00",108
"A0850","2026-06-01 00:16:30",96
"A1307","2026-06-01 00:17:00",171
"A0304","2026-06-01 00:17:30",183
"A0938","2026-06-01 00:18:00",158
"A0328","2026-06-01 00:18:30",122
"A0145","2026-06-01 00:19:00",115
"A0997","2026-06-01 00:19:30",138
"A0395","2026-06-01 00:20:00",140
"A1242","2026-06-01 00:20:30",154
"A0002","2026-06-01 00:21:00",119
"A0059","2026-06-01 00:21:30",158
"A1079","2026-06-01 00:22:00",190
"A0650","2026-06-01 00:22:30",114
"A1075","2026-06-01 00:23:00",149
"A0152","2026-06-01 00:23:30",158
"A0429","2026-06-01 00:24:00",100
"A0364","2026-06-01 00:24:30",115
"A0073","2026-06-01 00:25:00",107
"A1208","2026-06-01 00:25:30",203
"A1141","2026-06-01 00:26:00",139
"A0003","2026-06-01 00:26:30",141
"A0360","2026-06-01 00:27:00",112
"A0358","2026-06-01 00:27:30",202
"A0315","2026-06-01 00:28:00",134
"A1326","2026-06-01 00:28:30",170
"A0836","2026-06-01 00:29:00",146
"A1357","2026-06-01 00:29:30",133
"A0917","2026-06-01 00:30:00",137
"A0398","2026-06-01 00:30:30",194
"A0010","2026-06-01 00:31:00",148
"A0528","2026-06-01 00:31:30",126
"A1193","2026-06-01 00:32:00",99
"A0285","2026-06-01 00:32:30",153
"A1272","2026-06-01 00:33:00",129
"A1001","2026-06-01 00:33:30",140
"A0305","2026-06-01 00:34:00",151
"A1179","2026-06-01 00:34:30",153
"A0476","2026-06-01 00:35:00",80
"A0286","2026-06-01 00:35:30",179
"A0855","2026-06-01 00:36:00",131
"A1004","2026-06-01 00:36:30",119
"A0003","2026-06-01 00:37:00",89
"A0114","2026-06-01 00:37:30",157
"A1210","2026-06-01 00:38:00",122
"A1057","2026-06-01 00:38:30",115
"A0420","2026-06-01 00:39:00",169
"A0137","2026-06-01 00:39:30",152
"A0206","2026-06-01 00:40:00",165
"A0157","2026-06-01 00:40:30",87
"A1052","2026-06-01 00:41:00",183
"A0439","2026-06-01 00:41:30",135
"A1363","2026-06-01 00:42:00",75
"A0482","2026-06-01 00:42:30",192
"A1226","2026-06-01 00:43:00",268
"A1039","2026-06-01 00:43:30",127
"A0473","2026-06-01 00:44:00",196
"A0054","2026-06-01 00:44:30",182
"A0189","2026-06-01 00:45:00",214
"A1250","2026-06-01 00:45:30",187
"A1246","2026-06-01 00:46:00",125
"A0994","2026-06-01 00:46:30",49
"A0840","2026-06-01 00:47:00",171
"A0475","2026-06-01 00:47:30",99
"A0352","2026-06-01 00:48:00",88
"A0109","2026-06-01 00:48:30",129
"A0258","2026-06-01 00:49:00",58
"A0198","2026-06-01 00:49:30",139
"A1280","2026-06-01 00:50:00",201
"A1237","2026-06-01 00:50:30",213
"A1165","2026-06-01 00:51:00",174
"A1019","2026-06-01 00:51:30",115
"A0618","2026-06-01 00:52:00",135
"A1147","2026-06-01 00:52:30",87
"A0702","2026-06-01 00:53:00",238
"A0866","2026-06-01 00:53:30",81
"A0011","2026-06-01 00:54:00",81
"A1220","2026-06-01 00:54:30",151
"A1095","2026-06-01 00:55:00",141
"A0930","2026-06-01 00:55:30",165
"A0189","2026-06-01 00:56:00",116
"A1376","2026-06-01 00:56:30",126
"A1186","2026-06-01 00:57:00",153
"A0243","2026-06-01 00:57:30",163
"A0041","2026-06-01 00:58:00",183
"A1308","2026-06-01 00:58:30",87
"A0696","2026-06-01 00:59:00",98
"A1178","2026-06-01 00:59:30",138
"A1076","2026-06-01 01:00:00",133
"A1010","2026-06-01 01:00:30",146
"A0290","2026-06-01 01:01:00",223
"A1354","2026-06-01 01:01:30",126
"A0816","2026-06-01 01:02:00",166
"A0042","2026-06-01 01:02:30",169
"A1050","2026-06-01 01:03:00",76
"A0565","2026-06-01 01:03:30",218
"A1411","2026-06-01 01:04:00",129
"A0927","2026-06-01 01:04:30",133
"A1231","2026-06-01 01:05:00",203
"A1036","2026-06-01 01:05:30",169
"A0788","2026-06-01 01:06:00",161
"A0952","2026-06-01 01:06:30",123
"A0764","2026-06-01 01:07:00",97
"A1347","2026-06-01 01:07:30",83
"A0758","2026-06-01 01:08:00",42
"A0562","2026-06-01 01:08:30",72
"A0506","2026-06-01 01:09:00",75
"A0624","2026-06-01 01:09:30",147
"A0591","2026-06-01 01:10:00",73
"A0671","2026-06-01 01:10:30",34
"A1039","2026-06-01 01:11:00",156
"A0558","2026-06-01 01:11:30",85
"A0355","2026-06-01 01:12:00",157
"A0059","2026-06-01 01:12:30",180
"A0752","2026-06-01 01:13:00",76
"A0915","2026-06-01 01:13:30",224
"A0649","2026-06-01 01:14:00",162
"A0678","2026-06-01 01:14:30",189
"A0912","2026-06-01 01:15:00",102
"A0322","2026-06-01 01:15:30",155
"A0908","2026-06-01 01:16:00",78
"A0516","2026-06-01 01:16:30",102
"A0679","2026-06-01 01:17:00",148
"A0539","2026-06-01 01:17:30",177
"A0576","2026-06-01 01:18:00",140
"A0845","2026-06-01 01:18:30",162
"A1116","2026-06-01 01:19:00",136
"A1290","2026-06-01 01:19:30",153
"A1233","2026-06-01 01:20:00",126
"A0197","2026-06-01 01:20:30",108
"A0173","2026-06-01 01:21:00",237
"A0869","2026-06-01 01:21:30",133
"A1022","2026-06-01 01:22:00",126
"A1400","2026-06-01 01:22:30",94
"A1073","2026-06-01 01:23:00",156
"A0934","2026-06-01 01:23:30",139
"A0905","2026-06-01 01:24:00",171
"A0695","2026-06-01 01:24:30",42
"A1386","2026-06-01 01:25:00",126
"A0275","2026-06-01 01:25:30",126
"A0511","2026-06-01 01:26:00",225
"A0630","2026-06-01 01:26:30",217
"A0807","2026-06-01 01:27:00",158
"A0561","2026-06-01 01:27:30",196
"A0733","2026-06-01 01:28:00",145
"A0303","2026-06-01 01:28:30",68
"A0915","2026-06-01 01:29:00",0
"A0350","2026-06-01 01:29:30",106
"A0079","2026-06-01 01:30:00",130
"A1018","2026-06-01 01:30:30",192
"A0709","2026-06-01 01:31:00",121
"A0836","2026-06-01 01:31:30",66
"A1002","2026-06-01 01:32:00",194
"A0501","2026-06-01 01:32:30",143
"A1139","2026-06-01 01:33:00",230
"A1036","2026-06-01 01:33:30",139
"A1090","2026-06-01 01:34:00",134
"A0361","2026-06-01 01:34:30",144
"A0887","2026-06-01 01:35:00",128
"A0552","2026-06-01 01:35:30",52
"A0802","2026-06-01 01:36:00",77
"A0079","2026-06-01 01:36:30",168
"A0862","2026-06-01 01:37:00",200
"A0653","2026-06-01 01:37:30",142
"A0749","2026-06-01 01:38:00",138
"A0255","2026-06-01 01:38:30",112
"A0532","2026-06-01 01:39:00",146
"A0098","2026-06-01 01:39:30",198
"A0031","2026-06-01 01:40:00",112
"A0315","2026-06-01 01:40:30",152
"A1229","2026-06-01 01:41:00",97
"A1103","2026-06-01 01:41:30",155
"A0303","2026-06-01 01:42:00",27
"A0824","2026-06-01 01:42:30",180
"A0958","2026-06-01 01:43:00",93
"A1243","2026-06-01 01:43:30",127
"A0020","2026-06-01 01:44:00",200
"A0699","2026-06-01 01:44:30",163
"A0029","2026-06-01 01:45:00",232
"A1043","2026-06-01 01:45:30",188
"A1320","2026-06-01 01:46:00",96
"A0374","2026-06-01 01:46:30",184
"A0806","2026-06-01 01:47:00",152
"A0313","2026-06-01 01:47:30",100
"A0470","2026-06-01 01:48:00",136
"A0366","2026-06-01 01:48:30",140
"A0708","2026-06-01 01:49:00",133
"A0688","2026-06-01 01:49:30",109
"A1095","2026-06-01 01:50:00",143
"A0059","2026-06-01 01:50:30",146
"A0242","2026-06-01 01:51:00",112
"A1315","2026-06-01 01:51:30",74
"A1080","2026-06-01 01:52:00",156
"A1288","2026-06-01 01:52:30",98
"A0301","2026-06-01 01:53:00",158
"A0918","2026-06-01 01:53:30",143
"A0437","2026-06-01 01:54:00",148
"A0244","2026-06-01 01:54:30",171
"A0907","2026-06-01 01:55:00",92
"A0603","2026-06-01 01:55:30",77
"A0021","2026-06-01 01:56:00",270
"A1077","2026-06-01 01:56:30",113
"A0484","2026-06-01 01:57:00",123
"A0300","2026-06-01 01:57:30",142
"A0029","2026-06-01 01:58:00",123
"A0650","2026-06-01 01:58:30",127
"A1324","2026-06-01 01:59:00",180
"A1007","2026-06-01 01:59:30",125
"A0265","2026-06-01 02:00:00",147
"A0346","2026-06-01 02:00:30",89
"A0026","2026-06-01 02:01:00",111
"A0972","2026-06-01 02:01:30",167
"A0257","2026-06-01 02:02:00",156
"A1071","2026-06-01 02:02:30",120
"A0607","2026-06-01 02:03:00",190
"A0916","2026-06-01 02:03:30",107
"A0371","2026-06-01 02:04:00",169
"A1234","2026-06-01 02:04:30",122
"A0281","2026-06-01 02:05:00",77
"A0417","2026-06-01 02:05:30",194
"A1352","2026-06-01 02:06:00",200
"A1365","2026-06-01 02:06:30",165
"A0389","2026-06-01 02:07:00",137
"A0139","2026-06-01 02:07:30",171
"A0426","2026-06-01 02:08:00",119
"A1045","2026-06-01 02:08:30",135
"A0566","2026-06-01 02:09:00",136
"A1106","2026-06-01 02:09:30",144
"A1338","2026-06-01 02:10:00",175
"A1365","2026-06-01 02:10:30",152
"A0242","2026-06-01 02:11:00",183
"A0929","2026-06-01 02:11:30",135
"A0183","2026-06-01 02:12:00",140
"A0882","2026-06-01 02:12:30",133
"A0130","2026-06-01 02:13:00",80
"A1027","2026-06-01 02:13:30",137
"A0347","2026-06-01 02:14:00",119
"A0109","2026-06-01 02:14:30",114
"A0393","2026-06-01 02:15:00",186
"A1064","2026-06-01 02:15:30",106
"A1205","2026-06-01 02:16:00",141
"A1114","2026-06-01 02:16:30",90
"A0994","2026-06-01 02:17:00",129
"A0267","2026-06-01 02:17:30",159
"A0153","2026-06-01 02:18:00",183
"A0081","2026-06-01 02:18:30",95
"A0539","2026-06-01 02:19:00",146
"A1375","2026-06-01 02:19:30",140
"A0650","2026-06-01 02:20:00",118
"A0108","2026-06-01 02:20:30",245
"A0129","2026-06-01 02:21:00",182
"A0612","2026-06-01 02:21:30",121
"A1186","2026-06-01 02:22:00",185
"A1176","2026-06-01 02:22:30",132
"A1042","2026-06-01 02:23:00",175
"A0893","2026-06-01 02:23:30",94
"A0304","2026-06-01 02:24:00",174
"A0919","2026-06-01 02:24:30",139
"A0667","2026-06-01 02:25:00",172
"A0222","2026-06-01 02:25:30",103
"A0419","2026-06-01 02:26:00",186
"A1256","2026-06-01 02:26:30",161
"A0316","2026-06-01 02:27:00",43
"A0429","2026-06-01 02:27:30",75
"A0289","2026-06-01 02:28:00",114
"A1294","2026-06-01 02:28:30",136
"A1093","2026-06-01 02:29:00",113
"A0155","2026-06-01 02:29:30",104
"A1036","2026-06-01 02:30:00",138
"A1121","2026-06-01 02:30:30",227
"A1250","2026-06-01 02:31:00",86
"A0991","2026-06-01 02:31:30",161
"A0222","2026-06-01 02:32:00",102
"A0454","2026-06-01 02:32:30",195
"A0475","2026-06-01 02:33:00",162
"A0920","2026-06-01 02:33:30",99
"A0419","2026-06-01 02:34:00",172
"A0722","2026-06-01 02:34:30",160
"A0320","2026-06-01 02:35:00",78
"A1304","2026-06-01 02:35:30",112
"A1378","2026-06-01 02:36:00",122
"A0323","2026-06-01 02:36:30",150
"A1116","2026-06-01 02:37:00",105
"A0458","2026-06-01 02:37:30",57
"A0101","2026-06-01 02:38:00",179
"A0128","2026-06-01 02:38:30",117
"A0503","2026-06-01 02:39:00",121
"A0844","2026-06-01 02:39:30",157
"A1101","2026-06-01 02:40:00",102
"A0425","2026-06-01 02:40:30",96
"A0150","2026-06-01 02:41:00",208
"A0558","2026-06-01 02:41:30",69
"A0226","2026-06-01 02:42:00",170
"A0212","2026-06-01 02:42:30",139
"A0618","2026-06-01 02:43:00",192
"A0821","2026-06-01 02:43:30",158
"A1084","2026-06-01 02:44:00",86
"A0096","2026-06-01 02:44:30",78
"A0141","2026-06-01 02:45:00",105
"A0436","2026-06-01 02:45:30",128
"A0688","2026-06-01 02:46:00",224
"A0918","2026-06-01 02:46:30",216
"A1340","2026-06-01 02:47:00",99
"A1043","2026-06-01 02:47:30",136
"A0626","2026-06-01 02:48:00",152
"A1210","2026-06-01 02:48:30",166
"A1173","2026-06-01 02:49:00",158
"A1376","2026-06-01 02:49:30",94
"A1252","2026-06-01 02:50:00",118
"A0868","2026-06-01 02:50:30",148
"A1224","2026-06-01 02:51:00",165
"A0656","2026-06-01 02:51:30",174
"A1116","2026-06-01 02:52:00",102
"A0903","2026-06-01 02:52:30",203
"A0990","2026-06-01 02:53:00",125
"A0551","2026-06-01 02:53:30",74
"A0785","2026-06-01 02:54:00",196
"A0463","2026-06-01 02:54:30",111
"A0630","2026-06-01 02:55:00",81
"A1034","2026-06-01 02:55:30",67
"A0296","2026-06-01 02:56:00",104
"A0375","2026-06-01 02:56:30",178
"A1111","2026-06-01 02:57:00",206
"A0408","2026-06-01 02:57:30",139
"A0178","2026-06-01 02:58:00",189
"A0925","2026-06-01 02:58:30",206
"A1272","2026-06-01 02:59:00",79
"A1112","2026-06-01 02:59:30",138
"A0220","2026-06-01 03:00:00",149
"A0409","2026-06-01 03:00:30",151
"A0093","2026-06-01 03:01:00",170
"A0788","2026-06-01 03:01:30",148
"A1394","2026-06-01 03:02:00",87
"A0061","2026-06-01 03:02:30",162
"A0069","2026-06-01 03:03:00",150
"A0584","2026-06-01 03:03:30",155
"A0792","2026-06-01 03:04:00",155
"A0950","2026-06-01 03:04:30",180
"A1240","2026-06-01 03:05:00",170
"A1357","2026-06-01 03:05:30",160
"A0957","2026-06-01 03:06:00",115
"A0527","2026-06-01 03:06:30",132
"A0822","2026-06-01 03:07:00",126
"A0832","2026-06-01 03:07:30",92
"A1043","2026-06-01 03:08:00",112
"A0181","2026-06-01 03:08:30",114
"A1380","2026-06-01 03:09:00",196
"A0548","2026-06-01 03:09:30",85
"A0518","2026-06-01 03:10:00",132
"A0972","2026-06-01 03:10:30",119
"A0205","2026-06-01 03:11:00",133
"A1106","2026-06-01 03:11:30",96
"A0690","2026-06-01 03:12:00",140
"A1301","2026-06-01 03:12:30",161
"A0730","2026-06-01 03:13:00",109
"A1273","2026-06-01 03:13:30",162
"A0940","2026-06-01 03:14:00",122
"A0130","2026-06-01 03:14:30",88
"A0020","2026-06-01 03:15:00",113
"A0314","2026-06-01 03:15:30",213
"A0888","2026-06-01 03:16:00",174
"A0943","2026-06-01 03:16:30",68
"A1053","2026-06-01 03:17:00",155
"A1072","2026-06-01 03:17:30",188
"A0428","2026-06-01 03:18:00",209
"A0633","2026-06-01 03:18:30",153
"A1130","2026-06-01 03:19:00",174
"A0066","2026-06-01 03:19:30",131
"A0307","2026-06-01 03:20:00",62
"A0263","2026-06-01 03:20:30",215
"A0632","2026-06-01 03:21:00",127
"A1116","2026-06-01 03:21:30",169
"A0978","2026-06-01 03:22:00",120
"A0384","2026-06-01 03:22:30",197
"A1097","2026-06-01 03:23:00",141
"A0658","2026-06-01 03:23:30",185
"A0634","2026-06-01 03:24:00",67
"A1010","2026-06-01 03:24:30",108
"A0010","2026-06-01 03:25:00",176
"A0690","2026-06-01 03:25:30",139
"A0496","2026-06-01 03:26:00",110
"A0984","2026-06-01 03:26:30",164
"A1104","2026-06-01 03:27:00",154
"A0286","2026-06-01 03:27:30",169
"A0847","2026-06-01 03:28:00",129
"A0398","2026-06-01 03:28:30",153
"A0407","2026-06-01 03:29:00",199
"A1395","2026-06-01 03:29:30",170
"A1356","2026-06-01 03:30:00",246
"A0218","2026-06-01 03:30:30",20
"A0688","2026-06-01 03:31:00",121
"A1398","2026-06-01 03:31:30",176
"A1333","2026-06-01 03:32:00",190
"A1252","2026-06-01 03:32:30",63
"A0719","2026-06-01 03:33:00",168
"A0848","2026-06-01 03:33:30",133
"A0571","2026-06-01 03:34:00",191
"A1074","2026-06-01 03:34:30",155
"A1196","2026-06-01 03:35:00",105
"A0167","2026-06-01 03:35:30",117
"A0635","2026-06-01 03:36:00",113
"A0727","2026-06-01 03:36:30",149
"A1170","2026-06-01 03:37:00",104
"A0794","2026-06-01 03:37:30",134
"A1215","2026-06-01 03:38:00",83
"A0475","2026-06-01 03:38:30",195
"A1386","2026-06-01 03:39:00",256
"A0288","2026-06-01 03:39:30",71
"A0997","2026-06-01 03:40:00",85
"A0296","2026-06-01 03:40:30",119
"A1133","2026-06-01 03:41:00",90
"A0868","2026-06-01 03:41:30",136
"A0195","2026-06-01 03:42:00",113
"A0982","2026-06-01 03:42:30",102
"A0186","2026-06-01 03:43:00",227
"A0670","2026-06-01 03:43:30",180
"A1177","2026-06-01 03:44:00",170
"A0184","2026-06-01 03:44:30",175
"A1410","2026-06-01 03:45:00",147
"A0031","2026-06-01 03:45:30",127
"A1402","2026-06-01 03:46:00",118
"A1120","2026-06-01 03:46:30",202
"A1216","2026-06-01 03:47:00",145
"A0258","2026-06-01 03:47:30",119
"A0252","2026-06-01 03:48:00",170
"A1318","2026-06-01 03:48:30",150
"A0638","2026-06-01 03:49:00",113
"A0301","2026-06-01 03:49:30",179
"A0655","2026-06-01 03:50:00",182
"A0384","2026-06-01 03:50:30",153
"A0678","2026-06-01 03:51:00",195
"A0022","2026-06-01 03:51:30",157
"A1282","2026-06-01 03:52:00",124
"A0259","2026-06-01 03:52:30",113
"A1293","2026-06-01 03:53:00",206
"A0561","2026-06-01 03:53:30",55
"A1356","2026-06-01 03:54:00",85
"A0180","2026-06-01 03:54:30",170
"A0530","2026-06-01 03:55:00",177
"A0776","2026-06-01 03:55:30",103
"A0613","2026-06-01 03:56:00",152
"A1084","2026-06-01 03:56:30",169
"A1020","2026-06-01 03:57:00",217
"A1046","2026-06-01 03:57:30",146
"A1354","2026-06-01 03:58:00",82
"A0399","2026-06-01 03:58:30",132
"A1166","2026-06-01 03:59:00",153
"A0597","2026-06-01 03:59:30",150
"A0843","2026-06-01 04:00:00",57
"A0746","2026-06-01 04:00:30",165
"A0276","2026-06-01 04:01:00",98
"A0748","2026-06-01 04:01:30",136
"A0890","2026-06-01 04:02:00",112
"A0297","2026-06-01 04:02:30",154
"A0153","2026-06-01 04:03:00",129
"A0267","2026-06-01 04:03:30",132
"A1190","2026-06-01 04:04:00",149
"A0204","2026-06-01 04:04:30",151
"A0140","2026-06-01 04:05:00",156
"A0170","2026-06-01 04:05:30",169
"A0750","2026-06-01 04:06:00",123
"A0433","2026-06-01 04:06:30",198
"A0657","2026-06-01 04:07:00",84
"A0297","2026-06-01 04:07:30",136
"A0247","2026-06-01 04:08:00",157
"A1217","2026-06-01 04:08:30",168
"A1147","2026-06-01 04:09:00",167
"A1185","2026-06-01 04:09:30",129
"A1077","2026-06-01 04:10:00",175
"A0548","2026-06-01 04:10:30",161
"A0926","2026-06-01 04:11:00",63
"A0898","2026-06-01 04:11:30",221
"A0782","2026-06-01 04:12:00",214
"A0887","2026-06-01 04:12:30",149
"A0977","2026-06-01 04:13:00",169
"A0525","2026-06-01 04:13:30",96
"A0130","2026-06-01 04:14:00",173
"A1403","2026-06-01 04:14:30",158
"A1056","2026-06-01 04:15:00",227
"A0469","2026-06-01 04:15:30",180
"A0896","2026-06-01 04:16:00",155
"A0426","2026-06-01 04:16:30",110
"A1317","2026-06-01 04:17:00",210
"A0858","2026-06-01 04:17:30",184
"A0892","2026-06-01 04:18:00",86
"A0949","2026-06-01 04:18:30",171
"A1128","2026-06-01 04:19:00",145
"A0516","2026-06-01 04:19:30",95
"A1264","2026-06-01 04:20:00",161
"A0567","2026-06-01 04:20:30",97
"A1390","2026-06-01 04:21:00",161
"A0990","2026-06-01 04:21:30",158
"A1088","2026-06-01 04:22:00",146
"A0568","2026-06-01 04:22:30",167
"A0309","2026-06-01 04:23:00",161
"A0607","2026-06-01 04:23:30",146
"A0991","2026-06-01 04:24:00",91
"A0767","2026-06-01 04:24:30",98
"A0444","2026-06-01 04:25:00",141
"A0338","2026-06-01 04:25:30",128
"A0277","2026-06-01 04:26:00",145
"A0139","2026-06-01 04:26:30",196
"A0868","2026-06-01 04:27:00",139
"A0225","2026-06-01 04:27:30",103
"A0004","2026-06-01 04:28:00",103
"A0086","2026-06-01 04:28:30",156
"A1317","2026-06-01 04:29:00",162
"A0225","2026-06-01 04:29:30",162
"A0523","2026-06-01 04:30:00",86
"A0845","2026-06-01 04:30:30",103
"A0551","2026-06-01 04:31:00",96
"A0871","2026-06-01 04:31:30",157
"A0525","2026-06-01 04:32:00",123
"A0446","2026-06-01 04:32:30",180
"A0559","2026-06-01 04:33:00",106
"A0363","2026-06-01 04:33:30",200
"A0214","2026-06-01 04:34:00",137
"A0817","2026-06-01 04:34:30",66
"A0450","2026-06-01 04:35:00",199
"A1045","2026-06-01 04:35:30",165
"A0437","2026-06-01 04:36:00",188
"A0788","2026-06-01 04:36:30",134
"A0721","2026-06-01 04:37:00",162
"A0481","2026-06-01 04:37:30",32
"A0854","2026-06-01 04:38:00",191
"A0735","2026-06-01 04:38:30",156
"A0449","2026-06-01 04:39:00",186
"A0985","2026-06-01 04:39:30",132
"A1250","2026-06-01 04:40:00",145
"A1201","2026-06-01 04:40:30",73
"A1213","2026-06-01 04:41:00",80
"A1077","2026-06-01 04:41:30",104
"A0060","2026-06-01 04:42:00",153
"A0032","2026-06-01 04:42:30",158
"A0521","2026-06-01 04:43:00",40
"A1139","2026-06-01 04:43:30",107
"A1405","2026-06-01 04:44:00",141
"A1046","2026-06-01 04:44:30",113
"A0974","2026-06-01 04:45:00",125
"A1269","2026-06-01 04:45:30",97
"A1194","2026-06-01 04:46:00",140
"A1037","2026-06-01 04:46:30",93
"A0458","2026-06-01 04:47:00",210
"A1312","2026-06-01 04:47:30",135
"A0870","2026-06-01 04:48:00",88
"A0054","2026-06-01 04:48:30",132
"A0327","2026-06-01 04:49:00",49
"A1282","2026-06-01 04:49:30",94
"A1114","2026-06-01 04:50:00",202
"A0432","2026-06-01 04:50:30",185
"A0943","2026-06-01 04:51:00",162
"A0190","2026-06-01 04:51:30",157
"A0784","2026-06-01 04:52:00",149
"A0713","2026-06-01 04:52:30",153
"A0961","2026-06-01 04:53:00",40
"A0051","2026-06-01 04:53:30",218
"A0968","2026-06-01 04:54:00",157
"A0763","2026-06-01 04:54:30",86
"A0253","2026-06-01 04:55:00",106
"A0693","2026-06-01 04:55:30",99
"A1057","2026-06-01 04:56:00",96
"A0414","2026-06-01 04:56:30",156
"A0361","2026-06-01 04:57:00",157
"A1240","2026-06-01 04:57:30",158
"A1381","2026-06-01 04:58:00",175
"A0700","2026-06-01 04:58:30",166
"A0789","2026-06-01 04:59:00",138
"A1399","2026-06-01 04:59:30",115
"A0715","2026-06-01 05:00:00",173
"A1359","2026-06-01 05:00:30",174
"A0576","2026-06-01 05:01:00",120
"A0375","2026-06-01 05:01:30",62
"A0030","2026-06-01 05:02:00",144
"A1352","2026-06-01 05:02:30",138
"A1281","2026-06-01 05:03:00",102
"A1400","2026-06-01 05:03:30",181
"A1261","2026-06-01 05:04:00",194
"A0692","2026-06-01 05:04:30",165
"A0543","2026-06-01 05:05:00",161
"A0535","2026-06-01 05:05:30",139
"A0403","2026-06-01 05:06:00",101
"A0259","2026-06-01 05:06:30",101
"A0419","2026-06-01 05:07:00",161
"A0266","2026-06-01 05:07:30",195
"A0850","2026-06-01 05:08:00",80
"A1301","2026-06-01 05:08:30",76
"A0238","2026-06-01 05:09:00",124
"A0113","2026-06-01 05:09:30",160
"A0880","2026-06-01 05:10:00",246
"A1158","2026-06-01 05:10:30",180
"A0835","2026-06-01 05:11:00",110
"A1045","2026-06-01 05:11:30",91
"A0565","2026-06-01 05:12:00",166
"A0884","2026-06-01 05:12:30",139
"A1054","2026-06-01 05:13:00",116
"A0503","2026-06-01 05:13:30",150
"A1170","2026-06-01 05:14:00",225
"A1062","2026-06-01 05:14:30",100
"A1060","2026-06-01 05:15:00",55
"A0362","2026-06-01 05:15:30",139
"A0998","2026-06-01 05:16:00",182
"A0526","2026-06-01 05:16:30",183
"A1294","2026-06-01 05:17:00",71
"A0943","2026-06-01 05:17:30",180
"A0388","2026-06-01 05:18:00",140
"A0320","2026-06-01 05:18:30",149
"A1324","2026-06-01 05:19:00",148
"A1054","2026-06-01 05:19:30",171
"A0998","2026-06-01 05:20:00",68
"A0608","2026-06-01 05:20:30",148
"A0078","2026-06-01 05:21:00",195
"A0641","2026-06-01 05:21:30",219
"A1034","2026-06-01 05:22:00",126
"A0981","2026-06-01 05:22:30",127
"A0626","2026-06-01 05:23:00",116
"A0118","2026-06-01 05:23:30",128
"A0710","2026-06-01 05:24:00",133
"A1215","2026-06-01 05:24:30",88
"A0471","2026-06-01 05:25:00",200
"A0910","2026-06-01 05:25:30",223
"A0138","2026-06-01 05:26:00",165
"A0506","2026-06-01 05:26:30",122
"A0996","2026-06-01 05:27:00",154
"A0670","2026-06-01 05:27:30",164
"A0261","2026-06-01 05:28:00",116
"A0456","2026-06-01 05:28:30",239
"A0874","2026-06-01 05:29:00",102
"A0903","2026-06-01 05:29:30",82
"A0695","2026-06-01 05:30:00",108
"A1029","2026-06-01 05:30:30",91
"A0683","2026-06-01 05:31:00",132
"A1165","2026-06-01 05:31:30",193
"A0550","2026-06-01 05:32:00",246
"A0316","2026-06-01 05:32:30",65
"A0366","2026-06-01 05:33:00",190
"A0090","2026-06-01 05:33:30",95
"A0666","2026-06-01 05:34:00",55
"A1276","2026-06-01 05:34:30",149
"A0015","2026-06-01 05:35:00",129
"A1240","2026-06-01 05:35:30",155
"A1110","2026-06-01 05:36:00",107
"A0226","2026-06-01 05:36:30",182
"A0631","2026-06-01 05:37:00",141
"A0784","2026-06-01 05:37:30",104
"A1124","2026-06-01 05:38:00",137
"A1396","2026-06-01 05:38:30",150
"A0270","2026-06-01 05:39:00",235
"A0631","2026-06-01 05:39:30",149
"A0446","2026-06-01 05:40:00",133
"A0388","2026-06-01 05:40:30",204
"A0438","2026-06-01 05:41:00",163
"A1402","2026-06-01 05:41:30",138
"A0802","2026-06-01 05:42:00",120
"A1095","2026-06-01 05:42:30",94
"A0321","2026-06-01 05:43:00",162
"A0248","2026-06-01 05:43:30",106
"A0180","2026-06-01 05:44:00",144
"A1122","2026-06-01 05:44:30",119
"A1078","2026-06-01 05:45:00",111
"A0376","2026-06-01 05:45:30",113
"A0244","2026-06-01 05:46:00",63
"A1021","2026-06-01 05:46:30",104
"A1016","2026-06-01 05:47:00",82
"A0677","2026-06-01 05:47:30",159
"A0189","2026-06-01 05:48:00",62
"A0506","2026-06-01 05:48:30",187
"A0627","2026-06-01 05:49:00",86
"A0491","2026-06-01 05:49:30",124
"A1329","2026-06-01 05:50:00",97
"A1000","2026-06-01 05:50:30",146
"A0988","2026-06-01 05:51:00",134
"A0285","2026-06-01 05:51:30",142
"A0182","2026-06-01 05:52:00",137
"A0885","2026-06-01 05:52:30",209
"A1085","2026-06-01 05:53:00",37
"A1284","2026-06-01 05:53:30",96
"A1232","2026-06-01 05:54:00",117
"A1131","2026-06-01 05:54:30",161
"A1198","2026-06-01 05:55:00",171
"A1199","2026-06-01 05:55:30",148
"A0082","2026-06-01 05:56:00",92
"A0411","2026-06-01 05:56:30",246
"A0329","2026-06-01 05:57:00",114
"A1071","2026-06-01 05:57:30",217
"A0761","2026-06-01 05:58:00",139
"A0856","2026-06-01 05:58:30",151
"A1382","2026-06-01 05:59:00",83
"A1178","2026-06-01 05:59:30",133
"A1049","2026-06-01 06:00:00",66
"A1337","2026-06-01 06:00:30",150
"A0266","2026-06-01 06:01:00",129
"A0670","2026-06-01 06:01:30",150
"A1134","2026-06-01 06:02:00",168
"A0529","2026-06-01 06:02:30",138
"A0822","2026-06-01 06:03:00",56
"A0135","2026-06-01 06:03:30",188
"A1155","2026-06-01 06:04:00",226
"A1297","2026-06-01 06:04:30",114
"A0289","2026-06-01 06:05:00",157
"A1162","2026-06-01 06:05:30",150
"A0565","2026-06-01 06:06:00",129
"A0973","2026-06-01 06:06:30",39
"A1411","2026-06-01 06:07:00",123
"A0341","2026-06-01 06:07:30",121
"A1009","2026-06-01 06:08:00",143
"A0612","2026-06-01 06:08:30",139
"A0610","2026-06-01 06:09:00",168
"A1352","2026-06-01 06:09:30",120
"A0344","2026-06-01 06:10:00",92
"A1099","2026-06-01 06:10:30",134
"A0319","2026-06-01 06:11:00",216
"A1076","2026-06-01 06:11:30",148
"A1128","2026-06-01 06:12:00",152
"A0474","2026-06-01 06:12:30",150
"A1280","2026-06-01 06:13:00",140
"A1272","2026-06-01 06:13:30",140
"A0384","2026-06-01 06:14:00",109
"A1308","2026-06-01 06:14:30",178
"A0829","2026-06-01 06:15:00",156
"A0523","2026-06-01 06:15:30",107
"A0365","2026-06-01 06:16:00",104
"A1147","2026-06-01 06:16:30",107
"A0039","2026-06-01 06:17:00",154
"A0603","2026-06-01 06:17:30",195
"A0516","2026-06-01 06:18:00",114
"A0868","2026-06-01 06:18:30",167
"A1383","2026-06-01 06:19:00",166
"A1208","2026-06-01 06:19:30",154
"A0596","2026-06-01 06:20:00",102
"A0200","2026-06-01 06:20:30",185
"A1275","2026-06-01 06:21:00",85
"A0470","2026-06-01 06:21:30",98
"A0779","2026-06-01 06:22:00",153
"A0156","2026-06-01 06:22:30",197
"A1060","2026-06-01 06:23:00",57
"A0313","2026-06-01 06:23:30",61
"A1099","2026-06-01 06:24:00",165
"A1190","2026-06-01 06:24:30",153
"A0620","2026-06-01 06:25:00",126
"A1070","2026-06-01 06:25:30",112
"A1080","2026-06-01 06:26:00",154
"A0084","2026-06-01 06:26:30",213
"A0511","2026-06-01 06:27:00",134
"A1215","2026-06-01 06:27:30",195
"A0470","2026-06-01 06:28:00",169
"A0732","2026-06-01 06:28:30",132
"A0165","2026-06-01 06:29:00",144
"A0069","2026-06-01 06:29:30",150
"A1195","2026-06-01 06:30:00",151
"A0992","2026-06-01 06:30:30",215
"A0317","2026-06-01 06:31:00",133
"A0288","2026-06-01 06:31:30",93
"A1191","2026-06-01 06:32:00",131
"A0433","2026-06-01 06:32:30",139
"A0484","2026-06-01 06:33:00",147
"A0027","2026-06-01 06:33:30",96
"A0100","2026-06-01 06:34:00",195
"A1179","2026-06-01 06:34:30",156
"A0215","2026-06-01 06:35:00",156
"A0583","2026-06-01 06:35:30",73
"A0855","2026-06-01 06:36:00",204
"A0139","2026-06-01 06:36:30",114
"A1325","2026-06-01 06:37:00",70
"A0380","2026-06-01 06:37:30",230
"A0082","2026-06-01 06:38:00",190
"A0335","2026-06-01 06:38:30",166
"A0755","2026-06-01 06:39:00",123
"A1021","2026-06-01 06:39:30",187
"A0799","2026-06-01 06:40:00",120
"A0494","2026-06-01 06:40:30",199
"A0557","2026-06-01 06:41:00",166
"A1114","2026-06-01 06:41:30",99
"A0709","2026-06-01 06:42:00",127
"A1210","2026-06-01 06:42:30",135
"A0607","2026-06-01 06:43:00",110
"A0339","2026-06-01 06:43:30",109
"A1110","2026-06-01 06:44:00",237
"A1151","2026-06-01 06:44:30",110
"A0202","2026-06-01 06:45:00",120
"A1289","2026-06-01 06:45:30",190
"A0209","2026-06-01 06:46:00",122
"A0714","2026-06-01 06:46:30",148
"A0606","2026-06-01 06:47:00",60
"A1156","2026-06-01 06:47:30",142
"A0713","2026-06-01 06:48:00",117
"A0187","2026-06-01 06:48:30",172
"A1214","2026-06-01 06:49:00",82
"A0073","2026-06-01 06:49:30",149
"A0119","2026-06-01 06:50:00",240
"A0647","2026-06-01 06:50:30",233
"A0239","2026-06-01 06:51:00",218
"A1371","2026-06-01 06:51:30",130
"A0296","2026-06-01 06:52:00",58
"A0385","2026-06-01 06:52:30",163
"A0009","2026-06-01 06:53:00",132
"A0097","2026-06-01 06:53:30",86
"A1053","2026-06-01 06:54:00",49
"A1141","2026-06-01 06:54:30",76
"A0778","2026-06-01 06:55:00",177
"A0539","2026-06-01 06:55:30",107
"A1213","2026-06-01 06:56:00",124
"A1294","2026-06-01 06:56:30",214
"A0901","2026-06-01 06:57:00",241
"A0568","2026-06-01 06:57:30",117
"A1307","2026-06-01 06:58:00",159
"A0062","2026-06-01 06:58:30",197
"A0849","2026-06-01 06:59:00",224
"A0578","2026-06-01 06:59:30",105
"A0321","2026-06-01 07:00:00",0
"A1111","2026-06-01 07:00:30",206
"A0981","2026-06-01 07:01:00",76
"A1021","2026-06-01 07:01:30",123
"A1381","2026-06-01 07:02:00",243
"A0423","2026-06-01 07:02:30",122
"A1029","2026-06-01 07:03:00",131
"A0498","2026-06-01 07:03:30",137
"A1411","2026-06-01 07:04:00",115
"A0521","2026-06-01 07:04:30",72
"A1182","2026-06-01 07:05:00",73
"A0306","2026-06-01 07:05:30",168
"A1032","2026-06-01 07:06:00",166
"A1293","2026-06-01 07:06:30",84
"A0860","2026-06-01 07:07:00",124
"A0829","2026-06-01 07:07:30",200
"A0284","2026-06-01 07:08:00",188
"A0710","2026-06-01 07:08:30",104
"A0197","2026-06-01 07:09:00",104
"A1182","2026-06-01 07:09:30",78
"A1154","2026-06-01 07:10:00",71
"A0218","2026-06-01 07:10:30",155
"A0795","2026-06-01 07:11:00",184
"A0632","2026-06-01 07:11:30",157
"A0534","2026-06-01 07:12:00",106
"A0251","2026-06-01 07:12:30",93
"A1130","2026-06-01 07:13:00",160
"A0749","2026-06-01 07:13:30",207
"A0434","2026-06-01 07:14:00",133
"A1233","2026-06-01 07:14:30",155
"A0250","2026-06-01 07:15:00",177
"A0123","2026-06-01 07:15:30",92
"A0337","2026-06-01 07:16:00",81
"A0059","2026-06-01 07:16:30",149
"A0410","2026-06-01 07:17:00",221
"A1283","2026-06-01 07:17:30",134
"A0961","2026-06-01 07:18:00",99
"A1384","2026-06-01 07:18:30",100
"A0474","2026-06-01 07:19:00",143
"A0852","2026-06-01 07:19:30",159
"A0110","2026-06-01 07:20:00",140
"A0400","2026-06-01 07:20:30",151
"A0012","2026-06-01 07:21:00",112
"A1106","2026-06-01 07:21:30",175
"A0960","2026-06-01 07:22:00",118
"A1106","2026-06-01 07:22:30",195
"A0378","2026-06-01 07:23:00",90
"A0822","2026-06-01 07:23:30",87
"A1007","2026-06-01 07:24:00",77
"A0647","2026-06-01 07:24:30",165
"A0605","2026-06-01 07:25:00",167
"A0613","2026-06-01 07:25:30",112
"A0997","2026-06-01 07:26:00",84
"A0895","2026-06-01 07:26:30",93
"A0756","2026-06-01 07:27:00",110
"A0115","2026-06-01 07:27:30",217
"A0620","2026-06-01 07:28:00",137
"A1329","2026-06-01 07:28:30",163
"A0951","2026-06-01 07:29:00",146
"A0186","2026-06-01 07:29:30",94
"A1067","2026-06-01 07:30:00",100
"A0191","2026-06-01 07:30:30",76
"A1234","2026-06-01 07:31:00",78
"A0821","2026-06-01 07:31:30",120
"A0675","2026-06-01 07:32:00",182
"A0546","2026-06-01 07:32:30",131
"A0963","2026-06-01 07:33:00",102
"A0557","2026-06-01 07:33:30",187
"A0874","2026-06-01 07:34:00",168
"A0454","2026-06-01 07:34:30",213
"A1310","2026-06-01 07:35:00",146
"A1262","2026-06-01 07:35:30",149
"A1382","2026-06-01 07:36:00",134
"A0380","2026-06-01 07:36:30",46
"A1115","2026-06-01 07:37:00",149
"A0864","2026-06-01 07:37:30",175
"A0819","2026-06-01 07:38:00",173
"A1019","2026-06-01 07:38:30",124
"A1146","2026-06-01 07:39:00",177
"A0381","2026-06-01 07:39:30",132
"A0559","2026-06-01 07:40:00",118
"A0897","2026-06-01 07:40:30",58
"A1277","2026-06-01 07:41:00",184
"A0009","2026-06-01 07:41:30",78
"A0626","2026-06-01 07:42:00",131
"A0596","2026-06-01 07:42:30",201
"A0844","2026-06-01 07:43:00",54
"A0773","2026-06-01 07:43:30",218
"A0904","2026-06-01 07:44:00",157
"A0964","2026-06-01 07:44:30",109
"A0283","2026-06-01 07:45:00",97
"A0660","2026-06-01 07:45:30",103
"A0428","2026-06-01 07:46:00",166
"A0705","2026-06-01 07:46:30",166
"A0468","2026-06-01 07:47:00",179
"A0530","2026-06-01 07:47:30",200
"A0742","2026-06-01 07:48:00",206
"A0178","2026-06-01 07:48:30",48
"A1248","2026-06-01 07:49:00",128
"A1306","2026-06-01 07:49:30",112
"A0798","2026-06-01 07:50:00",118
"A1365","2026-06-01 07:50:30",158
"A0466","2026-06-01 07:51:00",203
"A0219","2026-06-01 07:51:30",167
"A0829","2026-06-01 07:52:00",99
"A1209","2026-06-01 07:52:30",115
"A0360","2026-06-01 07:53:00",103
"A0775","2026-06-01 07:53:30",127
"A1308","2026-06-01 07:54:00",215
"A0476","2026-06-01 07:54:30",171
"A0072","2026-06-01 07:55:00",172
"A0764","2026-06-01 07:55:30",150
"A1183","2026-06-01 07:56:00",167
"A0738","2026-06-01 07:56:30",226
"A0729","2026-06-01 07:57:00",160
"A0001","2026-06-01 07:57:30",164
"A0960","2026-06-01 07:58:00",160
"A0799","2026-06-01 07:58:30",187
"A0079","2026-06-01 07:59:00",94
"A0564","2026-06-01 07:59:30",91
"A0290","2026-06-01 08:00:00",123
"A0920","2026-06-01 08:00:30",185
"A1340","2026-06-01 08:01:00",160
"A0124","2026-06-01 08:01:30",111
"A0189","2026-06-01 08:02:00",177
"A0402","2026-06-01 08:02:30",231
"A0170","2026-06-01 08:03:00",108
"A0767","2026-06-01 08:03:30",181
"A0114","2026-06-01 08:04:00",187
"A1406","2026-06-01 08:04:30",264
"A0590","2026-06-01 08:05:00",62
"A0804","2026-06-01 08:05:30",203
"A0619","2026-06-01 08:06:00",158
"A0744","2026-06-01 08:06:30",151
"A0973","2026-06-01 08:07:00",128
"A0129","2026-06-01 08:07:30",159
"A0767","2026-06-01 08:08:00",124
"A0037","2026-06-01 08:08:30",189
"A0841","2026-06-01 08:09:00",126
"A0602","2026-06-01 08:09:30",0
"A0894","2026-06-01 08:10:00",171
"A0346","2026-06-01 08:10:30",187
"A0009","2026-06-01 08:11:00",71
"A0239","2026-06-01 08:11:30",131
"A0133","2026-06-01 08:12:00",154
"A0105","2026-06-01 08:12:30",154
"A0959","2026-06-01 08:13:00",123
"A1276","2026-06-01 08:13:30",106
"A1137","2026-06-01 08:14:00",210
"A1107","2026-06-01 08:14:30",215
"A1245","2026-06-01 08:15:00",105
"A1153","2026-06-01 08:15:30",187
"A0047","2026-06-01 08:16:00",83
"A0035","2026-06-01 08:16:30",58
"A1404","2026-06-01 08:17:00",141
"A0295","2026-06-01 08:17:30",100
"A1362","2026-06-01 08:18:00",132
"A1003","2026-06-01 08:18:30",85
"A0944","2026-06-01 08:19:00",150
"A0296","2026-06-01 08:19:30",143
"A1073","2026-06-01 08:20:00",201
"A0993","2026-06-01 08:20:30",170
"A0354","2026-06-01 08:21:00",61
"A1377","2026-06-01 08:21:30",228
"A0768","2026-06-01 08:22:00",171
"A0592","2026-06-01 08:22:30",150
"A1269","2026-06-01 08:23:00",114
"A0329","2026-06-01 08:23:30",156
"A0872","2026-06-01 08:24:00",159
"A1182","2026-06-01 08:24:30",142
"A1300","2026-06-01 08:25:00",116
"A0356","2026-06-01 08:25:30",51
"A0552","2026-06-01 08:26:00",150
"A0547","2026-06-01 08:26:30",111
"A0608","2026-06-01 08:27:00",181
"A0730","2026-06-01 08:27:30",102
"A1015","2026-06-01 08:28:00",96
"A0863","2026-06-01 08:28:30",85
"A0997","2026-06-01 08:29:00",226
"A0214","2026-06-01 08:29:30",226
"A0235","2026-06-01 08:30:00",150
"A1237","2026-06-01 08:30:30",128
"A1270","2026-06-01 08:31:00",170
"A0499","2026-06-01 08:31:30",104
"A0059","2026-06-01 08:32:00",144
"A0196","2026-06-01 08:32:30",95
"A0836","2026-06-01 08:33:00",180
"A0226","2026-06-01 08:33:30",169
"A0959","2026-06-01 08:34:00",123
"A0521","2026-06-01 08:34:30",89
"A0023","2026-06-01 08:35:00",87
"A0800","2026-06-01 08:35:30",211
"A0274","2026-06-01 08:36:00",126
"A1399","2026-06-01 08:36:30",189
"A0358","2026-06-01 08:37:00",140
"A1119","2026-06-01 08:37:30",157
"A0309","2026-06-01 08:38:00",82
"A0396","2026-06-01 08:38:30",40
"A1323","2026-06-01 08:39:00",194
